data_value,prediccion
22.9337577487765,19.57594349248869
20.2182569331158,19.623959507156773
20.7587830342577,19.74919715366218
16.9954143556281,19.84819924576132
20.9904371941272,19.674945584587828
12.8696737357259,19.401947315624454
19.2932104404568,19.82196369135505
20.4627805872757,19.600694015513476
20.8617406199021,19.748454637971438
23.3584575856444,19.551192969463905
