data_value,prediccion
20.3855628058728,12.634456251465403
20.9904371941272,14.988496039579921
0.0,3.2536076958290208
0.0,14.953185442758235
16.4989216965742,5.572336887121852
0.0,12.599145654643719
0.0,4.360006396242908
22.9337577487765,10.280416463350887
0.0,3.18298650218565
21.0161769983687,16.16551593363718
